{"cameraMode":{"drawMode":0,"name":"Shaded","section":"Shading Mode"},"sceneLighting":true,"audioPlay":false,"sceneViewState":{"m_AlwaysRefresh":false,"showFog":true,"showSkybox":true,"showFlares":true,"showImageEffects":true,"showParticleSystems":true,"showVisualEffectGraphs":true,"m_FxEnabled":true},"in2DMode":false,"pivot":{"x":-0.14083528518676759,"y":12.142775535583496,"z":36.90152359008789},"rotation":{"x":-0.0761525109410286,"y":-0.19992996752262116,"z":0.015592169016599656,"w":-0.9767412543296814},"size":11.401813507080079,"orthographic":false}