{"cameraMode":{"drawMode":0,"name":"Shaded","section":"Shading Mode"},"sceneLighting":false,"audioPlay":false,"sceneViewState":{"m_AlwaysRefresh":false,"showFog":true,"showSkybox":false,"showFlares":true,"showImageEffects":true,"showParticleSystems":true,"showVisualEffectGraphs":true,"m_FxEnabled":true},"in2DMode":false,"pivot":{"x":-0.6247797012329102,"y":3.174999713897705,"z":32.400001525878909},"rotation":{"x":-0.026656536385416986,"y":0.10786815732717514,"z":-0.0028492924757301809,"w":-0.9939106702804565},"size":11.019734382629395,"orthographic":true}