{"cameraMode":{"drawMode":0,"name":"Shaded","section":"Shading Mode"},"sceneLighting":false,"audioPlay":false,"sceneViewState":{"m_AlwaysRefresh":false,"showFog":true,"showSkybox":false,"showFlares":true,"showImageEffects":true,"showParticleSystems":true,"showVisualEffectGraphs":true,"m_FxEnabled":true},"in2DMode":false,"pivot":{"x":-0.15172386169433595,"y":5.802018165588379,"z":3.0916004180908205},"rotation":{"x":0.005188206676393747,"y":0.029102064669132234,"z":0.00020004762336611748,"w":-0.9996696710586548},"size":11.019734382629395,"orthographic":true}